{
    "schoolname": "ABC School",
    "programstartdate": "13/12/2024",
    "numberofstudentsenrolled": "400",
    "noofstudentsdoneppa": "400",
    "gradesconducted": "III, IV, V, VI, V, VI, VII, VIII",
    "reportingperiod": "December 2024",
    "minutestrained": "50000",
    "puzzlesattempted": "100000",
    "puzzlesolved": "500000",
    "bspiscorerangeIA_80": "10(20.00%)",
    "bspiscorerangeIA_60": "10(20.00%)",
    "bspiscorerangeIA_40": "10(20.00%)",
    "bspiscorerangeIA_20": "10(20.00%)",
    "bspiscorerangeIA_10": "10(20.00%)",
    "bspiscorerangePPA_80": "10(20.00%)",
    "bspiscorerangePPA_60": "10(20.00%)",
    "bspiscorerangePPA_40": "10(20.00%)",
    "bspiscorerangePPA_20": "10(20.00%)",
    "bspiscorerangePPA_10": "10(20.00%)",
    "noofstudIA": "400",
    "noofstudPPA": "400",
    "schoolavgbspi": "40.10 to 50.70",
    "graphIA1": "25.10",
    "graphIA2": "32.08",
    "graphIA3": "28.67",
    "graphIA4": "55.09",
    "graphIA5": "11.90",
    "graphIA6": "20.88",
    "graphPPA1": "50.20",
    "graphPPA2": "43.65",
    "graphPPA3": "39.88",
    "graphPPA4": "55.74",
    "graphPPA5": "46.43",
    "graphPPA6": "33.07",

    "grade3IA20": "2",
    "grade3IA40": "3",
    "grade3IA60": "2",
    "grade3IA80": "5",
    "grade3IA81": "1",
    "grade3PPA20": "45",
    "grade3PPA40": "3",
    "grade3PPA60": "54",
    "grade3PPA80": "43",
    "grade3PPA81": "37",

    "grade4IA20": "20",
    "grade4IA40": "38",
    "grade4IA60": "27",
    "grade4IA80": "59",
    "grade4IA81": "10",
    "grade4PPA20": "45",
    "grade4PPA40": "88",
    "grade4PPA60": "74",
    "grade4PPA80": "443",
    "grade4PPA81": "07",

    "grade5IA20": "25.10",
    "grade5IA40": "32.08",
    "grade5IA60": "28.67",
    "grade5IA80": "55.09",
    "grade5IA81": "11.90",
    "grade5PPA20": "43.65",
    "grade5PPA40": "39.88",
    "grade5PPA60": "55.74",
    "grade5PPA80": "46.43",
    "grade5PPA81": "33.07",

    "grade6IA20": "25.10",
    "grade6IA40": "32.08",
    "grade6IA60": "28.67",
    "grade6IA80": "55.09",
    "grade6IA81": "11.90",
    "grade6PPA20": "43.65",
    "grade6PPA40": "39.88",
    "grade6PPA60": "55.74",
    "grade6PPA80": "46.43",
    "grade6PPA81": "33.07",

    "grade7IA20": "25.10",
    "grade7IA40": "32.08",
    "grade7IA60": "28.67",
    "grade7IA80": "55.09",
    "grade7IA81": "11.90",
    "grade7PPA20": "43.65",
    "grade7PPA40": "39.88",
    "grade7PPA60": "55.74",
    "grade7PPA80": "46.43",
    "grade7PPA81": "33.07",

    "grade8IA20": "25.10",
    "grade8IA40": "32.08",
    "grade8IA60": "28.67",
    "grade8IA80": "55.09",
    "grade8IA81": "11.90",
    "grade8PPA20": "43.65",
    "grade8PPA40": "39.88",
    "grade8PPA60": "55.74",
    "grade8PPA80": "46.43",
    "grade8PPA81": "33.07",

    "memoryIA" : "30.02",
    "memoryPPA": "45.11,(50%)",
    "visualpIA": "50.11",
    "visualpPPA": "58.00,(20%)",
    "focusatIA": "48.02",
    "focusatPPA": "62.10,(34%)",
    "probsolIA": "40.01",
    "probsolPPA": "50.00,(30%)",
    "linguisIA": "21.10",
    "linguisPPA": "28.22,(35%)",

    "memIA20": "150",
    "memIA40": "150",
    "memIA60": "150",
    "memIA80": "150",
    "memIA81": "150",
    "memPPA20": "100",
    "memPPA40": "100",
    "memPPA60": "100",
    "memPPA80": "100",
    "memPPA81": "100",

    "memgraIA1": "150",
    "memgraIA2": "110",
    "memgraIA3": "60",
    "memgraIA4": "30",
    "memgraIA5": "5",
    "memgraPA1": "100",
    "memgraPA2": "90",
    "memgraPA3": "80",
    "memgraPA4": "60",
    "memgraPA5": "30",

    "vispIA20": "50",
    "vispIA40": "50",
    "vispIA60": "50",
    "vispIA80": "50",
    "vispIA81": "50",
    "vispPA20": "30",
    "vispPA40": "30",
    "vispPA60": "30",
    "vispPA80": "30",
    "vispPA81": "30",

    "visgraIA1": "45",
    "visgraIA2": "92",
    "visgraIA3": "94",
    "visgraIA4": "84",
    "visgraIA5": "30",
    "visgraPA1": "35",
    "visgraPA2": "60",
    "visgraPA3": "90",
    "visgraPA4": "100",
    "visgraPA5": "60",

    "focuatIA1": "70",
    "focuatIA2": "70",
    "focuatIA3": "70",
    "focuatIA4": "70",
    "focuatIA5": "70",
    "focuatPA1": "40",
    "focuatPA2": "40",
    "focuatPA3": "40",
    "focuatPA4": "40",
    "focuatPA5": "40",

    "focgraIA1": "66",
    "focgraIA2": "95",
    "focgraIA3": "72",
    "focgraIA4": "67",
    "focgraIA5": "30",
    "focgraPA1": "35",
    "focgraPA2": "64",
    "focgraPA3": "75",
    "focgraPA4": "73",
    "focgraPA5": "90",

    "prosolIA1": "70",
    "prosolIA2": "70",
    "prosolIA3": "70",
    "prosolIA4": "70",
    "prosolIA5": "70",
    "prosolPA1": "50",
    "prosolPA2": "50",
    "prosolPA3": "50",
    "prosolPA4": "50",
    "prosolPA5": "50",

    "prograIA1": "70",
    "prograIA2": "130",
    "prograIA3": "95",
    "prograIA4": "40",
    "prograIA5": "10",
    "prograPA1": "50",
    "prograPA2": "90",
    "prograPA3": "92",
    "prograPA4": "80",
    "prograPA5": "40",

    "linguiIA1": "230",
    "linguiIA2": "230",
    "linguiIA3": "230",
    "linguiIA4": "230",
    "linguiIA5": "230",
    "linguiPA1": "170",
    "linguiPA2": "170",
    "linguiPA3": "170",
    "linguiPA4": "170",
    "linguiPA5": "170",

    "lingraIA1": "230",
    "lingraIA2": "60",
    "lingraIA3": "40",
    "lingraIA4": "20",
    "lingraIA5": "10",
    "lingraPA1": "170",
    "lingraPA2": "100",
    "lingraPA3": "50",
    "lingraPA4": "30",
    "lingraPA5": "10",

    "graph1": "53.10",
    "graph2": "56.16",
    "graph3": "42.99",
    "graph4": "63.80",
    "graph5": "53.34",
    "graph6": "63.10",
    "graph7": "52.33",
    "graph8": "50.00",
    "graph9": "58.09",
    "graph10": "70.10",
    "graph11": "55.22",
    "graph12": "42.11",
    "graph13": "68.33",
    "graph14": "43.05",
    "graph15": "48.11",
    "graph16": "35.11",
    "graph17": "45.00",
    "graph18": "64.09",
    "graph19": "28.07",
    "graph20": "35.08",
    "graph21": "67.00",

    "prodigiesname": "SAHAANA",
    "prodigiesgrade": "7",
    "prodigiessec": "A",
    "prodigiesBSPI": "90.0",

    "grade3avgscbel8": "0",
    "grade4avgscbel8": "0",
    "grade5avgscbel8": "0",
    "grade6avgscbel8": "0",
    "grade7avgscbel8": "0",
    "grade8avgscbel8": "0",
    "grade3avgsabove8": "52.90",
    "grade4avgsabove8": "52.90",
    "grade5avgsabove8": "52.90",
    "grade6avgsabove8": "52.90",
    "grade7avgsabove8": "52.90",
    "grade8avgsabove8": "52.90",

    "FAstud1": "DHAKSHANA",
    "FAgrade1": "3",
    "FAsec1": "A",
    "FAppa_bspi": "72",

    "gstars_stud1": "ARUNKAARTHI",
    "gstars_grade1": "3",
    "gstars_sec1": "B",
    "gstars_ppabspi1": "8.4"

}


  